participant_id	age	sex
sub-01438774	n/a	n/a
sub-02396581	n/a	n/a
sub-03432025	n/a	n/a
sub-03537794	n/a	n/a
sub-03734552	n/a	n/a
sub-04162929	n/a	n/a
sub-04809769	n/a	n/a
sub-05344357	n/a	n/a
sub-05681256	n/a	n/a
sub-05775561	n/a	n/a
sub-06526339	n/a	n/a
sub-06564851	n/a	n/a
sub-06950380	n/a	n/a
sub-07746087	n/a	n/a
sub-09456349	n/a	n/a
sub-11372316	n/a	n/a
sub-11944098	n/a	n/a
sub-12565339	n/a	n/a
sub-13321435	n/a	n/a
sub-14312238	n/a	n/a
sub-14989984	n/a	n/a
sub-18200807	n/a	n/a
sub-18243794	n/a	n/a
sub-20676876	n/a	n/a
sub-25847138	n/a	n/a
sub-25915650	n/a	n/a
sub-26940776	n/a	n/a
sub-29502646	n/a	n/a
sub-30481951	n/a	n/a
sub-30807164	n/a	n/a
sub-33259248	n/a	n/a
sub-33505485	n/a	n/a
sub-34527640	n/a	n/a
sub-37398304	n/a	n/a
sub-39024419	n/a	n/a
sub-41222064	n/a	n/a
sub-41530403	n/a	n/a
sub-41556660	n/a	n/a
sub-42383274	n/a	n/a
sub-42408607	n/a	n/a
sub-43037958	n/a	n/a
sub-43359267	n/a	n/a
sub-45200932	n/a	n/a
sub-45828573	n/a	n/a
sub-46697259	n/a	n/a
sub-47005474	n/a	n/a
sub-47919028	n/a	n/a
sub-47926770	n/a	n/a
sub-53845929	n/a	n/a
sub-53853064	n/a	n/a
sub-54043950	n/a	n/a
sub-54618645	n/a	n/a
sub-56837824	n/a	n/a
sub-57024413	n/a	n/a
sub-59627171	n/a	n/a
sub-60557560	n/a	n/a
sub-60709537	n/a	n/a
sub-60776453	n/a	n/a
sub-61792419	n/a	n/a
sub-61833540	n/a	n/a
sub-62172970	n/a	n/a
sub-62451416	n/a	n/a
sub-63959856	n/a	n/a
sub-64036820	n/a	n/a
sub-65027280	n/a	n/a
sub-65383704	n/a	n/a
sub-66161848	n/a	n/a
sub-66483889	n/a	n/a
sub-66727638	n/a	n/a
sub-66778805	n/a	n/a
sub-67011593	n/a	n/a
sub-68186383	n/a	n/a
sub-68324575	n/a	n/a
sub-68884018	n/a	n/a
sub-70495563	n/a	n/a
sub-71409769	n/a	n/a
sub-71786456	n/a	n/a
sub-72389321	n/a	n/a
sub-74403863	n/a	n/a
sub-75228805	n/a	n/a
sub-76521819	n/a	n/a
sub-76574170	n/a	n/a
sub-80214583	n/a	n/a
sub-80587505	n/a	n/a
sub-80745050	n/a	n/a
sub-80815303	n/a	n/a
sub-81522433	n/a	n/a
sub-81695116	n/a	n/a
sub-83774284	n/a	n/a
sub-84958031	n/a	n/a
sub-85881224	n/a	n/a
sub-86629437	n/a	n/a
sub-87998384	n/a	n/a
sub-89335547	n/a	n/a
sub-89415164	n/a	n/a
sub-90443344	n/a	n/a
sub-92249581	n/a	n/a
sub-92418081	n/a	n/a
sub-92903591	n/a	n/a
sub-93203007	n/a	n/a
sub-94305460	n/a	n/a
sub-94998811	n/a	n/a
sub-95396398	n/a	n/a
sub-97165588	n/a	n/a
sub-97336339	n/a	n/a
sub-97890030	n/a	n/a
sub-97946571	n/a	n/a
sub-99192446	n/a	n/a
